{
  "T_cam2_cam1_matrix": [
    [
      0.9974839293808753,
      0.05360189847626123,
      0.04639662818167954,
      0.028555095453026896
    ],
    [
      -0.056043022175874,
      0.9970196834543454,
      0.053018208853112175,
      -0.06937333922827323
    ],
    [
      -0.04341647489470936,
      -0.05548501855760989,
      0.9975151239070909,
      -0.045927278741344564
    ],
    [
      0.0,
      0.0,
      0.0,
      1.0
    ]
  ],
  "rpy_deg": [
    -3.1836959435270757,
    2.488362947395202,
    -3.21574733863239
  ],
  "xyz_m": [
    0.028555095453026896,
    -0.06937333922827323,
    -0.045927278741344564
  ],
  "reproj_rmse_px": 0.8054976103521018,
  "pairs_used": 40
}